{"state":{"isStdOutTTY":false,"isStdErrTTY":false,"testRunDurationMs":307670.876021},"metrics":{"data_received":{"values":{"count":30534521,"rate":99244.10589293434},"type":"counter","contains":"data"},"http_req_sending":{"type":"trend","contains":"time","values":{"med":0.120252,"max":6.49819,"p(90)":0.169442,"p(95)":0.19126795,"avg":0.12975192598870064,"min":0.035772}},"http_req_tls_handshaking":{"type":"trend","contains":"time","values":{"avg":3.06585612259887,"min":0,"med":0,"max":570.251743,"p(90)":0,"p(95)":0}},"http_req_duration":{"contains":"time","values":{"max":1124.966668,"p(90)":525.2582486000001,"p(95)":555.0060581,"avg":311.94523976440684,"min":257.512499,"med":275.06370649999997},"thresholds":{"p(95)<1500":{"ok":true}},"type":"trend"},"vus":{"type":"gauge","contains":"default","values":{"max":10,"value":1,"min":1}},"checks":{"type":"rate","contains":"default","values":{"fails":460,"rate":0.8375706214689266,"passes":2372}},"data_sent":{"contains":"data","values":{"count":366478,"rate":1191.1364661469813},"type":"counter"},"http_req_failed":{"values":{"rate":0.1598870056497175,"passes":283,"fails":1487},"thresholds":{"rate<0.02":{"ok":false}},"type":"rate","contains":"default"},"iterations":{"type":"counter","contains":"default","values":{"count":354,"rate":1.1505801412800534}},"vus_max":{"type":"gauge","contains":"default","values":{"min":10,"max":10,"value":10}},"http_req_duration{expected_response:true}":{"contains":"time","values":{"avg":318.5457447289841,"min":257.512499,"med":275.146165,"max":1124.966668,"p(90)":541.0485976000001,"p(95)":559.2397971},"type":"trend"},"http_req_receiving":{"type":"trend","contains":"time","values":{"avg":33.25276640621472,"min":0.018931,"med":0.086568,"max":842.874309,"p(90)":255.7990632000002,"p(95)":272.87598015000003}},"http_reqs":{"type":"counter","contains":"default","values":{"count":1770,"rate":5.752900706400267}},"http_req_waiting":{"contains":"time","values":{"p(95)":288.4482515,"avg":278.5627214322034,"min":257.287732,"med":273.6766745,"max":1098.225237,"p(90)":285.4930448},"type":"trend"},"iteration_duration":{"type":"trend","contains":"time","values":{"p(90)":8880.3903091,"p(95)":8970.6031179,"avg":8588.591035870051,"min":8303.217505,"med":8576.8116595,"max":10139.34073}},"http_req_connecting":{"type":"trend","contains":"time","values":{"avg":1.534132786440678,"min":0,"med":0,"max":284.799954,"p(90)":0,"p(95)":0}},"http_req_blocked":{"contains":"time","values":{"p(95)":0.00035549999999999953,"avg":4.911086503954836,"min":0.00017,"med":0.0002,"max":909.967555,"p(90)":0.00027},"type":"trend"},"group_duration":{"type":"trend","contains":"time","values":{"p(95)":7132.23056785,"avg":2529.2892879821097,"min":0.00777,"med":522.9917805,"max":8056.32379,"p(90)":7111.9302937}}},"root_group":{"path":"","id":"d41d8cd98f00b204e9800998ecf8427e","groups":[{"name":"Pet CRUD Lifecycle","path":"::Pet CRUD Lifecycle","id":"82d7f04610ba13ab8c98c6840512b9dc","groups":[],"checks":[{"path":"::Pet CRUD Lifecycle::[TC-PET-001] [Create] Status is 200","id":"60d67ced8bde1a82f541461efbd44cc1","passes":354,"fails":0,"name":"[TC-PET-001] [Create] Status is 200"},{"fails":177,"name":"[TC-PET-002] [Read] Status is 200","path":"::Pet CRUD Lifecycle::[TC-PET-002] [Read] Status is 200","id":"d3c4bc2cd8df4514ed0372b52128ba85","passes":177},{"fails":177,"name":"[TC-PET-002] [Read] Name is correct","path":"::Pet CRUD Lifecycle::[TC-PET-002] [Read] Name is correct","id":"ab047ea50c266a17810c5e2746a42c7f","passes":177},{"fails":0,"name":"[TC-PET-003] [Update] Status is 200","path":"::Pet CRUD Lifecycle::[TC-PET-003] [Update] Status is 200","id":"9369192c02560082ec3c36e3afa7483e","passes":354},{"path":"::Pet CRUD Lifecycle::[TC-PET-004] [Delete] Status is 200","id":"3edbf9b34cc105dc2df6dcba1fa56513","passes":248,"fails":106,"name":"[TC-PET-004] [Delete] Status is 200"}]},{"name":"Pet Search","path":"::Pet Search","id":"8f79718f1f5feb45ee68785dcc690e5c","groups":[],"checks":[{"fails":0,"name":"[TC-PET-005] [Search] Status is 200","path":"::Pet Search::[TC-PET-005] [Search] Status is 200","id":"80b0fa200b14c9509b1e8fc2c0480e6d","passes":354},{"name":"[TC-PET-005] [Search] Results found","path":"::Pet Search::[TC-PET-005] [Search] Results found","id":"c85507dcb15bacb98e9322e405d7fb1d","passes":354,"fails":0}]},{"path":"::Profile Integrity: soak","id":"cabfdf2344c8a98c3755602b796ae826","groups":[],"checks":[{"path":"::Profile Integrity: soak::[TC-SOAK-001] Long-Duration Reliability","id":"65561ee22823f3a9c5792ee0ceaadc58","passes":354,"fails":0,"name":"[TC-SOAK-001] Long-Duration Reliability"}],"name":"Profile Integrity: soak"}],"checks":[],"name":""},"options":{"noColor":false,"summaryTrendStats":["avg","min","med","max","p(90)","p(95)"],"summaryTimeUnit":""}}