{"metrics":{"http_req_duration":{"type":"trend","contains":"time","values":{"avg":355.42344842710304,"min":262.505889,"med":276.50788,"max":1647.971456,"p(90)":564.0931728,"p(95)":836.73325235},"thresholds":{"p(95)<1000":{"ok":true}}},"http_req_receiving":{"type":"trend","contains":"time","values":{"avg":67.43074221588788,"min":0.029942,"med":0.0876555,"max":1046.101213,"p(90)":274.2834414,"p(95)":533.1312973}},"http_req_blocked":{"type":"trend","contains":"time","values":{"p(90)":0.00032100000000000027,"p(95)":0.0004159499999999996,"avg":15.36857824112119,"min":0.00017,"med":0.00021,"max":894.437307}},"http_req_sending":{"type":"trend","contains":"time","values":{"p(95)":0.2010895,"avg":0.12749152803738326,"min":0.048683,"med":0.120192,"max":1.684911,"p(90)":0.174437}},"data_sent":{"type":"counter","contains":"data","values":{"count":250835,"rate":1957.1653931875578}},"checks":{"type":"rate","contains":"default","values":{"rate":0.7977303070761015,"passes":1195,"fails":303}},"http_req_tls_handshaking":{"contains":"time","values":{"p(95)":0,"avg":10.257954440186916,"min":0,"med":0,"max":610.837146,"p(90)":0},"type":"trend"},"iteration_duration":{"type":"trend","contains":"time","values":{"avg":8858.425654915894,"min":8338.274759,"med":8700.383474999999,"max":10153.351514,"p(90)":9405.636873600004,"p(95)":9866.5218725}},"http_req_duration{expected_response:true}":{"type":"trend","contains":"time","values":{"avg":372.26545782957135,"min":262.937879,"med":277.212058,"max":1647.971456,"p(90)":573.8570560000001,"p(95)":839.902966}},"data_received":{"values":{"rate":153028.40063617707,"count":19612486},"type":"counter","contains":"data"},"http_req_connecting":{"values":{"p(90)":0,"p(95)":0,"avg":5.102671392523364,"min":0,"med":0,"max":284.973764},"type":"trend","contains":"time"},"group_duration":{"type":"trend","contains":"time","values":{"p(95)":7142.4067276,"avg":3928.86622388318,"min":275.094754,"med":4352.089325,"max":8023.649215,"p(90)":7134.6474545}},"http_req_failed":{"values":{"rate":0.17196261682242991,"passes":184,"fails":886},"thresholds":{"rate<0.01":{"ok":false}},"type":"rate","contains":"default"},"vus":{"type":"gauge","contains":"default","values":{"value":1,"min":0,"max":20}},"http_req_waiting":{"type":"trend","contains":"time","values":{"max":824.733321,"p(90)":284.1576573,"p(95)":288.87651074999997,"avg":287.8652146831778,"min":262.340868,"med":274.35866799999997}},"iterations":{"contains":"default","values":{"count":214,"rate":1.669756589559421},"type":"counter"},"http_req_duration{action:WRITE}":{"type":"trend","contains":"time","values":{"min":262.930841,"med":273.3128885,"max":299.094819,"p(90)":283.4521693,"p(95)":284.0284205,"avg":274.43304183644864},"thresholds":{"p(95)<1500":{"ok":true}}},"vus_max":{"values":{"value":20,"min":20,"max":20},"type":"gauge","contains":"default"},"http_req_duration{action:READ}":{"type":"trend","contains":"time","values":{"p(95)":1078.3679995999998,"avg":476.90905831308424,"min":262.505889,"med":283.605616,"max":1647.971456,"p(90)":841.5120542},"thresholds":{"p(95)<800":{"ok":false}}},"http_reqs":{"type":"counter","contains":"default","values":{"count":1070,"rate":8.348782947797105}}},"root_group":{"name":"","path":"","id":"d41d8cd98f00b204e9800998ecf8427e","groups":[{"name":"Pet CRUD Lifecycle","path":"::Pet CRUD Lifecycle","id":"82d7f04610ba13ab8c98c6840512b9dc","groups":[],"checks":[{"path":"::Pet CRUD Lifecycle::[TC-PET-001] [Create] Status is 200","id":"60d67ced8bde1a82f541461efbd44cc1","passes":214,"fails":0,"name":"[TC-PET-001] [Create] Status is 200"},{"id":"d3c4bc2cd8df4514ed0372b52128ba85","passes":95,"fails":119,"name":"[TC-PET-002] [Read] Status is 200","path":"::Pet CRUD Lifecycle::[TC-PET-002] [Read] Status is 200"},{"name":"[TC-PET-002] [Read] Name is correct","path":"::Pet CRUD Lifecycle::[TC-PET-002] [Read] Name is correct","id":"ab047ea50c266a17810c5e2746a42c7f","passes":95,"fails":119},{"name":"[TC-PET-003] [Update] Status is 200","path":"::Pet CRUD Lifecycle::[TC-PET-003] [Update] Status is 200","id":"9369192c02560082ec3c36e3afa7483e","passes":214,"fails":0},{"name":"[TC-PET-004] [Delete] Status is 200","path":"::Pet CRUD Lifecycle::[TC-PET-004] [Delete] Status is 200","id":"3edbf9b34cc105dc2df6dcba1fa56513","passes":149,"fails":65}]},{"path":"::Pet Search","id":"8f79718f1f5feb45ee68785dcc690e5c","groups":[],"checks":[{"name":"[TC-PET-005] [Search] Status is 200","path":"::Pet Search::[TC-PET-005] [Search] Status is 200","id":"80b0fa200b14c9509b1e8fc2c0480e6d","passes":214,"fails":0},{"passes":214,"fails":0,"name":"[TC-PET-005] [Search] Results found","path":"::Pet Search::[TC-PET-005] [Search] Results found","id":"c85507dcb15bacb98e9322e405d7fb1d"}],"name":"Pet Search"}],"checks":[]},"options":{"noColor":false,"summaryTrendStats":["avg","min","med","max","p(90)","p(95)"],"summaryTimeUnit":""},"state":{"isStdOutTTY":false,"isStdErrTTY":false,"testRunDurationMs":128162.392853}}