{"state":{"testRunDurationMs":10134.186562,"isStdOutTTY":false,"isStdErrTTY":false},"metrics":{"http_reqs":{"type":"counter","contains":"default","values":{"count":10,"rate":0.9867590199589222}},"http_req_sending":{"type":"trend","contains":"time","values":{"max":18.300796,"p(90)":2.2320411999999936,"p(95)":10.26641859999998,"avg":2.0235222,"min":0.074455,"med":0.187024}},"http_req_receiving":{"type":"trend","contains":"time","values":{"max":268.155011,"p(90)":32.47385149999991,"p(95)":150.31443124999973,"avg":27.5396296,"min":0.092424,"med":0.1101615}},"http_req_duration{expected_response:true}":{"type":"trend","contains":"time","values":{"avg":322.8816904000001,"min":265.812375,"med":266.7708285,"max":801.595216,"p(90)":336.5038629999998,"p(95)":569.0495394999995}},"iteration_duration":{"type":"trend","contains":"time","values":{"max":5784.439855,"p(90)":5640.9309631999995,"p(95)":5712.6854091,"avg":5066.895396,"min":4349.350937,"med":5066.895396}},"iterations":{"contains":"default","values":{"count":2,"rate":0.19735180399178445},"type":"counter"},"http_req_duration":{"type":"trend","contains":"time","values":{"p(90)":336.5038629999998,"p(95)":569.0495394999995,"avg":322.8816904000001,"min":265.812375,"med":266.7708285,"max":801.595216},"thresholds":{"p(95)<500":{"ok":false}}},"http_req_blocked":{"type":"trend","contains":"time","values":{"avg":90.90094,"min":0.000201,"med":0.000225,"max":909.007339,"p(90)":90.90098589999968,"p(95)":499.95416244999905}},"http_req_failed":{"type":"rate","contains":"default","values":{"rate":0,"passes":0,"fails":10},"thresholds":{"rate<0.01":{"ok":true}}},"http_req_tls_handshaking":{"type":"trend","contains":"time","values":{"avg":53.503572399999996,"min":0,"med":0,"max":535.035724,"p(90)":53.503572399999804,"p(95)":294.2696481999994}},"group_duration":{"contains":"time","values":{"avg":2032.89874125,"min":279.786275,"med":1935.887554,"max":3980.033582,"p(90)":3706.5939176,"p(95)":3843.3137497999996},"type":"trend"},"http_req_waiting":{"type":"trend","contains":"time","values":{"p(90)":296.42273199999994,"p(95)":414.89424099999974,"avg":293.3185386,"min":265.57674,"med":266.336819,"max":533.36575}},"http_req_connecting":{"values":{"min":0,"med":0,"max":266.598993,"p(90)":26.659899299999907,"p(95)":146.62944614999972,"avg":26.6598993},"type":"trend","contains":"time"},"data_sent":{"type":"counter","contains":"data","values":{"rate":394.40758027758125,"count":3997}},"vus_max":{"values":{"value":1,"min":1,"max":1},"type":"gauge","contains":"default"},"checks":{"type":"rate","contains":"default","values":{"rate":1,"passes":14,"fails":0}},"data_received":{"type":"counter","contains":"data","values":{"count":197436,"rate":19482.17538646098}},"vus":{"contains":"default","values":{"max":1,"value":1,"min":1},"type":"gauge"}},"root_group":{"id":"d41d8cd98f00b204e9800998ecf8427e","groups":[{"name":"Pet CRUD Lifecycle","path":"::Pet CRUD Lifecycle","id":"82d7f04610ba13ab8c98c6840512b9dc","groups":[],"checks":[{"path":"::Pet CRUD Lifecycle::[TC-PET-001] [Create] Status is 200","id":"60d67ced8bde1a82f541461efbd44cc1","passes":2,"fails":0,"name":"[TC-PET-001] [Create] Status is 200"},{"fails":0,"name":"[TC-PET-002] [Read] Status is 200","path":"::Pet CRUD Lifecycle::[TC-PET-002] [Read] Status is 200","id":"d3c4bc2cd8df4514ed0372b52128ba85","passes":2},{"path":"::Pet CRUD Lifecycle::[TC-PET-002] [Read] Name is correct","id":"ab047ea50c266a17810c5e2746a42c7f","passes":2,"fails":0,"name":"[TC-PET-002] [Read] Name is correct"},{"path":"::Pet CRUD Lifecycle::[TC-PET-003] [Update] Status is 200","id":"9369192c02560082ec3c36e3afa7483e","passes":2,"fails":0,"name":"[TC-PET-003] [Update] Status is 200"},{"path":"::Pet CRUD Lifecycle::[TC-PET-004] [Delete] Status is 200","id":"3edbf9b34cc105dc2df6dcba1fa56513","passes":2,"fails":0,"name":"[TC-PET-004] [Delete] Status is 200"}]},{"groups":[],"checks":[{"name":"[TC-PET-005] [Search] Status is 200","path":"::Pet Search::[TC-PET-005] [Search] Status is 200","id":"80b0fa200b14c9509b1e8fc2c0480e6d","passes":2,"fails":0},{"fails":0,"name":"[TC-PET-005] [Search] Results found","path":"::Pet Search::[TC-PET-005] [Search] Results found","id":"c85507dcb15bacb98e9322e405d7fb1d","passes":2}],"name":"Pet Search","path":"::Pet Search","id":"8f79718f1f5feb45ee68785dcc690e5c"}],"checks":[],"name":"","path":""},"options":{"noColor":false,"summaryTrendStats":["avg","min","med","max","p(90)","p(95)"],"summaryTimeUnit":""}}