{"metrics":{"http_req_duration":{"type":"trend","contains":"time","values":{"med":274.596493,"max":1674.061367,"p(90)":795.9341684,"p(95)":831.5832418499998,"avg":365.97682170326607,"min":258.748835},"thresholds":{"p(95)<3000":{"ok":true}}},"vus_max":{"type":"gauge","contains":"default","values":{"value":100,"min":100,"max":100}},"http_req_tls_handshaking":{"type":"trend","contains":"time","values":{"avg":22.445643921224498,"min":0,"med":0,"max":601.772172,"p(90)":0,"p(95)":0}},"http_reqs":{"values":{"count":2450,"rate":43.253805101568204},"type":"counter","contains":"default"},"http_req_waiting":{"type":"trend","contains":"time","values":{"avg":292.07490101999997,"min":258.592282,"med":273.449243,"max":839.98876,"p(90)":286.93872319999997,"p(95)":534.0818677999999}},"http_req_receiving":{"values":{"max":928.122335,"p(90)":275.4909686,"p(95)":531.3872394999997,"avg":73.80594545346942,"min":0.015531,"med":0.0564385},"type":"trend","contains":"time"},"iterations":{"type":"counter","contains":"default","values":{"count":490,"rate":8.65076102031364}},"http_req_sending":{"type":"trend","contains":"time","values":{"p(95)":0.16934199999999994,"avg":0.09597522979591845,"min":0.033592,"med":0.08433,"max":0.556473,"p(90)":0.1267599}},"data_received":{"type":"counter","contains":"data","values":{"count":45509110,"rate":803445.7854227871}},"group_duration":{"contains":"time","values":{"avg":2667.1689475122457,"min":0.00678,"med":797.315746,"max":8092.510831,"p(90)":7127.1969662,"p(95)":7888.54063945},"type":"trend"},"data_sent":{"contains":"data","values":{"count":672137,"rate":11866.319510021529},"type":"counter"},"iteration_duration":{"values":{"max":10657.55094,"p(90)":9940.321978,"p(95)":10009.148635149999,"avg":9002.14195893061,"min":8353.665773,"med":8866.4291995},"type":"trend","contains":"time"},"http_req_connecting":{"type":"trend","contains":"time","values":{"max":308.616476,"p(90)":0,"p(95)":0,"avg":11.213246866938778,"min":0,"med":0}},"http_req_failed":{"type":"rate","contains":"default","values":{"rate":0.1579591836734694,"passes":387,"fails":2063},"thresholds":{"rate<0.10":{"ok":false}}},"http_req_duration{expected_response:true}":{"type":"trend","contains":"time","values":{"min":258.748835,"med":275.49586,"max":1674.061367,"p(90)":803.6761312,"p(95)":841.0660252999999,"avg":383.40542272903616}},"http_req_blocked":{"values":{"max":934.442527,"p(90)":0.00029,"p(95)":0.00046,"avg":33.6894463930609,"min":0.00017,"med":0.00022},"type":"trend","contains":"time"},"vus":{"type":"gauge","contains":"default","values":{"max":100,"value":2,"min":2}},"checks":{"type":"rate","contains":"default","values":{"rate":0.8392857142857143,"passes":3290,"fails":630}}},"root_group":{"name":"","path":"","id":"d41d8cd98f00b204e9800998ecf8427e","groups":[{"name":"Pet CRUD Lifecycle","path":"::Pet CRUD Lifecycle","id":"82d7f04610ba13ab8c98c6840512b9dc","groups":[],"checks":[{"name":"[TC-PET-001] [Create] Status is 200","path":"::Pet CRUD Lifecycle::[TC-PET-001] [Create] Status is 200","id":"60d67ced8bde1a82f541461efbd44cc1","passes":490,"fails":0},{"name":"[TC-PET-002] [Read] Status is 200","path":"::Pet CRUD Lifecycle::[TC-PET-002] [Read] Status is 200","id":"d3c4bc2cd8df4514ed0372b52128ba85","passes":248,"fails":242},{"name":"[TC-PET-002] [Read] Name is correct","path":"::Pet CRUD Lifecycle::[TC-PET-002] [Read] Name is correct","id":"ab047ea50c266a17810c5e2746a42c7f","passes":248,"fails":242},{"name":"[TC-PET-003] [Update] Status is 200","path":"::Pet CRUD Lifecycle::[TC-PET-003] [Update] Status is 200","id":"9369192c02560082ec3c36e3afa7483e","passes":490,"fails":0},{"passes":346,"fails":144,"name":"[TC-PET-004] [Delete] Status is 200","path":"::Pet CRUD Lifecycle::[TC-PET-004] [Delete] Status is 200","id":"3edbf9b34cc105dc2df6dcba1fa56513"}]},{"name":"Pet Search","path":"::Pet Search","id":"8f79718f1f5feb45ee68785dcc690e5c","groups":[],"checks":[{"fails":1,"name":"[TC-PET-005] [Search] Status is 200","path":"::Pet Search::[TC-PET-005] [Search] Status is 200","id":"80b0fa200b14c9509b1e8fc2c0480e6d","passes":489},{"fails":1,"name":"[TC-PET-005] [Search] Results found","path":"::Pet Search::[TC-PET-005] [Search] Results found","id":"c85507dcb15bacb98e9322e405d7fb1d","passes":489}]},{"name":"Profile Integrity: spike","path":"::Profile Integrity: spike","id":"74adf5461eda3107104f48a1246c2449","groups":[],"checks":[{"name":"[TC-SPIKE-001] Burst Traffic Response","path":"::Profile Integrity: spike::[TC-SPIKE-001] Burst Traffic Response","id":"ad97ccfe883c57bef241d89400f8aceb","passes":490,"fails":0}]}],"checks":[]},"options":{"summaryTimeUnit":"","noColor":false,"summaryTrendStats":["avg","min","med","max","p(90)","p(95)"]},"state":{"isStdOutTTY":false,"isStdErrTTY":false,"testRunDurationMs":56642.415488}}